version,count,mean,median,std,min,max
gate_30,44700,52.45626398210291,17.0,256.7164231160407,0,49854
gate_40,45489,51.29877552814966,16.0,103.29441621652808,0,2640
